232.171,268.312,216.42,257.687,2017_ALABAMA,ALABAMA,2017
230.456,277.016,207.038,257.668,2017_ALASKA,ALASKA,2017
234.436,282.248,215.466,262.957,2017_ARIZONA,ARIZONA,2017
233.848,273.76,216.108,259.956,2017_ARKANSAS,ARKANSAS,2017
232.263,276.638,215.422,262.521,2017_CALIFORNIA,CALIFORNIA,2017
240.695,286.248,224.692,270.339,2017_COLORADO,COLORADO,2017
239.238,284.144,228.355,272.538,2017_CONNECTICUT,CONNECTICUT,2017
236.128,278.023,221.482,263.089,2017_DELAWARE,DELAWARE,2017
231.32,265.78,213.382,246.788,2017_DISTRICT_OF_COLUMBIA,DISTRICT_OF_COLUMBIA,2017
246.368,279.12,228.273,280.499,2017_FLORIDA,FLORIDA,2017
236.384,281.035,219.683,266.553,2017_GEORGIA,GEORGIA,2017
237.92,277.337,216.365,266.33,2017_HAWAII,HAWAII,2017
239.968,284.372,222.791,260.982,2017_IDAHO,IDAHO,2017
238.119,281.618,220.366,269.673,2017_ILLINOIS,ILLINOIS,2017
246.514,287.706,226.418,266.929,2017_INDIANA,INDIANA,2017
243.107,286.239,221.747,272.024,2017_IOWA,IOWA,2017
241.213,285.284,223.268,267.676,2017_KANSAS,KANSAS,2017
239.178,277.714,224.081,267.49,2017_KENTUCKY,KENTUCKY,2017
228.972,266.507,211.601,265.133,2017_LOUISIANA,LOUISIANA,2017
239.899,284.003,221.389,256.751,2017_MAINE,MAINE,2017
240.601,280.91,225.049,268.931,2017_MARYLAND,MARYLAND,2017
249.103,297.042,235.7,267.251,2017_MASSACHUSETTS,MASSACHUSETTS,2017
235.555,279.505,217.753,277.783,2017_MICHIGAN,MICHIGAN,2017
248.804,293.962,224.539,265.469,2017_MINNESOTA,MINNESOTA,2017
234.694,270.915,215.203,268.617,2017_MISSISSIPPI,MISSISSIPPI,2017
239.502,280.596,222.681,256.345,2017_MISSOURI,MISSOURI,2017
240.722,285.6,222.327,266.035,2017_MONTANA,MONTANA,2017
245.591,288.406,224.096,267.208,2017_NEBRASKA,NEBRASKA,2017
231.685,275.365,214.842,268.529,2017_NEVADA,NEVADA,2017
245.32,293.291,228.901,259.806,2017_NEW_HAMPSHIRE,NEW_HAMPSHIRE,2017
247.855,291.699,232.943,274.786,2017_NEW_JERSEY,NEW_JERSEY,2017
229.704,269.374,207.704,275.045,2017_NEW_MEXICO,NEW_MEXICO,2017
235.548,281.688,221.884,255.579,2017_NEW_YORK,NEW_YORK,2017
240.951,281.926,223.931,264.158,2017_NORTH_CAROLINA,NORTH_CAROLINA,2017
244.244,288.172,221.519,262.72,2017_NORTH_DAKOTA,NORTH_DAKOTA,2017
240.928,287.714,225.261,265.082,2017_OHIO,OHIO,2017
237.326,274.689,216.588,268.451,2017_OKLAHOMA,OKLAHOMA,2017
233.132,282.173,217.531,261.237,2017_OREGON,OREGON,2017
241.672,286.394,224.925,266.217,2017_PENNSYLVANIA,PENNSYLVANIA,2017
237.555,277.18,223.353,269.554,2017_RHODE_ISLAND,RHODE_ISLAND,2017
234.044,274.674,213.128,265.768,2017_SOUTH_CAROLINA,SOUTH_CAROLINA,2017
241.589,286.376,221.75,259.753,2017_SOUTH_DAKOTA,SOUTH_DAKOTA,2017
236.693,278.778,218.953,267.356,2017_TENNESSEE,TENNESSEE,2017
240.944,282.32,214.878,262.047,2017_TEXAS,TEXAS,2017
242.481,286.817,225.159,260.343,2017_UTAH,UTAH,2017
240.893,287.623,226.445,268.752,2017_VERMONT,VERMONT,2017
248.041,290.081,227.598,273.403,2017_VIRGINIA,VIRGINIA,2017
241.701,289.131,223.123,267.745,2017_WASHINGTON,WASHINGTON,2017
236.057,273.416,217.316,271.617,2017_WEST_VIRGINIA,WEST_VIRGINIA,2017
240.389,288.143,219.613,258.7,2017_WISCONSIN,WISCONSIN,2017
247.821,288.762,226.831,269.371,2017_WYOMING,WYOMING,2017
230.977,266.555,217.049,269.02,2015_ALABAMA,ALABAMA,2015
236.328,280.493,212.793,258.754,2015_ALASKA,ALASKA,2015
237.612,282.919,215.311,260.317,2015_ARIZONA,ARIZONA,2015
235.215,275.065,218.077,262.769,2015_ARKANSAS,ARKANSAS,2015
231.549,275.325,212.678,258.768,2015_CALIFORNIA,CALIFORNIA,2015
241.564,285.539,224.023,258.987,2015_COLORADO,COLORADO,2015
240.159,283.957,228.948,268.073,2015_CONNECTICUT,CONNECTICUT,2015
238.678,279.81,223.699,273.048,2015_DELAWARE,DELAWARE,2015
231.308,263.06,212.305,262.613,2015_DISTRICT_OF_COLUMBIA,DISTRICT_OF_COLUMBIA,2015
242.664,275.324,227.189,247.653,2015_FLORIDA,FLORIDA,2015
236.453,278.712,222.014,277.191,2015_GEORGIA,GEORGIA,2015
237.896,279.34,215.124,263.383,2015_HAWAII,HAWAII,2015
238.8,283.742,221.69,262.269,2015_IDAHO,IDAHO,2015
237.308,281.969,222.022,257.35,2015_ILLINOIS,ILLINOIS,2015
247.652,287.175,227.279,268.553,2015_INDIANA,INDIANA,2015
243.34,286.416,223.629,266.807,2015_IOWA,IOWA,2015
241.067,283.871,221.09,268.253,2015_KANSAS,KANSAS,2015
241.728,277.947,228.055,268.201,2015_KENTUCKY,KENTUCKY,2015
234.282,268.432,216.199,266.766,2015_LOUISIANA,LOUISIANA,2015
242.245,284.875,223.729,267.773,2015_MAINE,MAINE,2015
239.5,283.149,222.944,255.469,2015_MARYLAND,MARYLAND,2015
250.566,296.909,235.275,268.391,2015_MASSACHUSETTS,MASSACHUSETTS,2015
235.729,278.169,216.307,267.906,2015_MICHIGAN,MICHIGAN,2015
249.576,294.148,223.353,274.498,2015_MINNESOTA,MINNESOTA,2015
234.243,270.58,214.111,264.497,2015_MISSISSIPPI,MISSISSIPPI,2015
238.965,280.821,222.726,270.237,2015_MISSOURI,MISSOURI,2015
241.287,287.464,224.757,251.976,2015_MONTANA,MONTANA,2015
243.864,286.499,226.635,266.876,2015_NEBRASKA,NEBRASKA,2015
233.827,275.172,214.426,269.957,2015_NEVADA,NEVADA,2015
249.151,294.413,231.95,269.426,2015_NEW_HAMPSHIRE,NEW_HAMPSHIRE,2015
245.383,293.366,229.488,259.417,2015_NEW_JERSEY,NEW_JERSEY,2015
231.167,270.898,207.24,274.807,2015_NEW_MEXICO,NEW_MEXICO,2015
236.797,280.089,222.646,270.854,2015_NEW_YORK,NEW_YORK,2015
243.742,281.331,225.811,253.228,2015_NORTH_CAROLINA,NORTH_CAROLINA,2015
244.714,288.244,224.692,263.248,2015_NORTH_DAKOTA,NORTH_DAKOTA,2015
243.599,285.062,224.93,260.595,2015_OHIO,OHIO,2015
239.76,274.586,221.831,266.955,2015_OKLAHOMA,OKLAHOMA,2015
237.747,282.815,220.223,265.879,2015_OREGON,OREGON,2015
243.312,283.668,226.671,262.673,2015_PENNSYLVANIA,PENNSYLVANIA,2015
238.002,281.445,225.486,267.671,2015_RHODE_ISLAND,RHODE_ISLAND,2015
237.09,275.828,217.97,268.746,2015_SOUTH_CAROLINA,SOUTH_CAROLINA,2015
239.723,284.641,220.47,265.051,2015_SOUTH_DAKOTA,SOUTH_DAKOTA,2015
240.667,278.203,218.613,260.331,2015_TENNESSEE,TENNESSEE,2015
244.002,283.794,217.943,267.08,2015_TEXAS,TEXAS,2015
242.563,286.117,226.143,264.771,2015_UTAH,UTAH,2015
243.25,290.355,230.099,260.655,2015_VERMONT,VERMONT,2015
246.613,287.709,228.971,269.431,2015_VIRGINIA,VIRGINIA,2015
244.981,286.513,225.893,273.962,2015_WASHINGTON,WASHINGTON,2015
235.205,271.451,216.253,266.836,2015_WEST_VIRGINIA,WEST_VIRGINIA,2015
243.31,289.078,223.356,267.251,2015_WISCONSIN,WISCONSIN,2015
246.76,286.667,228.161,260.185,2015_WYOMING,WYOMING,2015
232.861,269.194,218.576,269.534,2013_ALABAMA,ALABAMA,2013
236.122,281.56,209.347,268.803,2013_ALASKA,ALASKA,2013
240.305,279.722,213.134,257.428,2013_ARIZONA,ARIZONA,2013
239.891,277.915,218.524,261.256,2013_ARKANSAS,ARKANSAS,2013
241.65,280.967,221.86,264.013,2005_IDAHO,IDAHO,2005
233.654,275.901,212.546,260.448,2013_CALIFORNIA,CALIFORNIA,2013
246.976,289.682,226.663,261.964,2013_COLORADO,COLORADO,2013
243.44,285.244,229.582,261.502,2013_CONNECTICUT,CONNECTICUT,2013
243.108,282.338,225.772,271.009,2013_DELAWARE,DELAWARE,2013
228.567,265.259,205.614,274.46,2013_DISTRICT_OF_COLUMBIA,DISTRICT_OF_COLUMBIA,2013
241.676,280.856,227.463,265.985,2013_FLORIDA,FLORIDA,2013
240.047,279.179,221.837,247.739,2013_GEORGIA,GEORGIA,2013
243.309,281.413,214.844,276.994,2013_HAWAII,HAWAII,2013
240.722,286.414,219.303,265.828,2013_IDAHO,IDAHO,2013
239,284.898,218.54,264.616,2013_ILLINOIS,ILLINOIS,2013
248.597,287.768,225.332,259.961,2013_INDIANA,INDIANA,2013
245.794,285.07,223.816,270.224,2013_IOWA,IOWA,2013
246.186,289.518,223.386,266.899,2013_KANSAS,KANSAS,2013
241.47,280.645,224.428,267.273,2013_KENTUCKY,KENTUCKY,2013
231.366,272.761,210.455,269.003,2013_LOUISIANA,LOUISIANA,2013
245.847,288.731,224.833,266.888,2013_MAINE,MAINE,2013
245.169,286.641,232.056,269.616,2013_MARYLAND,MARYLAND,2013
253.034,300.568,232.373,257.351,2013_MASSACHUSETTS,MASSACHUSETTS,2013
236.82,280.134,217.365,269.194,2013_MICHIGAN,MICHIGAN,2013
253.421,294.593,227.031,273.802,2013_MINNESOTA,MINNESOTA,2013
231.106,271.161,208.519,277.01,2013_MISSISSIPPI,MISSISSIPPI,2013
239.548,282.988,222.334,265.943,2013_MISSOURI,MISSOURI,2013
243.699,289.228,222.983,271.02,2013_MONTANA,MONTANA,2013
243.158,285.061,223.253,253.148,2013_NEBRASKA,NEBRASKA,2013
236.263,278.287,213.755,267.215,2013_NEVADA,NEVADA,2013
252.994,295.665,231.998,271.766,2013_NEW_HAMPSHIRE,NEW_HAMPSHIRE,2013
246.871,296.053,228.72,269.222,2013_NEW_JERSEY,NEW_JERSEY,2013
232.781,272.762,205.756,261.696,2013_NEW_MEXICO,NEW_MEXICO,2013
240.35,281.808,223.813,274.308,2013_NEW_YORK,NEW_YORK,2013
244.802,285.645,222.228,276.378,2013_NORTH_CAROLINA,NORTH_CAROLINA,2013
246.425,290.515,224.083,255.87,2013_NORTH_DAKOTA,NORTH_DAKOTA,2013
245.55,289.528,223.888,266.346,2013_OHIO,OHIO,2013
238.922,275.507,216.989,264.541,2013_OKLAHOMA,OKLAHOMA,2013
240.099,283.525,219.133,267.779,2013_OREGON,OREGON,2013
244.013,289.624,226.402,269.087,2013_PENNSYLVANIA,PENNSYLVANIA,2013
241.417,284.092,222.802,261.931,2013_RHODE_ISLAND,RHODE_ISLAND,2013
236.626,279.825,213.647,268.283,2013_SOUTH_CAROLINA,SOUTH_CAROLINA,2013
240.981,287.27,217.931,272.085,2013_SOUTH_DAKOTA,SOUTH_DAKOTA,2013
239.775,277.72,219.735,266.677,2013_TENNESSEE,TENNESSEE,2013
241.926,288.199,216.91,261.449,2013_TEXAS,TEXAS,2013
242.821,284.331,222.768,268.101,2013_UTAH,UTAH,2013
247.803,295.47,227.987,265.359,2013_VERMONT,VERMONT,2013
246.177,288.143,228.556,263.684,2013_VIRGINIA,VIRGINIA,2013
246.288,289.957,225.049,270.042,2013_WASHINGTON,WASHINGTON,2013
237.441,274.43,214.663,274.369,2013_WEST_VIRGINIA,WEST_VIRGINIA,2013
244.706,288.746,220.818,267.59,2013_WISCONSIN,WISCONSIN,2013
246.522,288.119,225.849,272.036,2013_WYOMING,WYOMING,2013
231.286,269.097,220.273,257.384,2011_ALABAMA,ALABAMA,2011
236.36,283.273,207.924,267.543,2011_ALASKA,ALASKA,2011
235.158,279.034,212.395,270.966,2011_ARIZONA,ARIZONA,2011
237.81,279.088,216.515,258.421,2011_ARKANSAS,ARKANSAS,2011
234.165,272.77,211.359,261.285,2011_CALIFORNIA,CALIFORNIA,2011
244.456,291.743,223.434,260.148,2011_COLORADO,COLORADO,2011
242.413,287,227.427,259.141,2011_CONNECTICUT,CONNECTICUT,2011
240.36,282.77,225.131,254.935,2011_DELAWARE,DELAWARE,2011
221.808,260.467,200.628,270.636,2011_DISTRICT_OF_COLUMBIA,DISTRICT_OF_COLUMBIA,2011
239.826,277.837,224.529,274.681,2011_FLORIDA,FLORIDA,2011
238.367,278.484,220.811,265.839,2011_GEORGIA,GEORGIA,2011
238.822,277.836,213.615,242.056,2011_HAWAII,HAWAII,2011
240.329,286.675,220.83,272.35,2011_IDAHO,IDAHO,2011
238.837,283.228,219.357,262.121,2011_ILLINOIS,ILLINOIS,2011
243.837,285.003,220.731,262.359,2011_INDIANA,INDIANA,2011
242.605,284.921,220.707,257.188,2011_IOWA,IOWA,2011
246.255,289.619,223.565,268.015,2011_KANSAS,KANSAS,2011
240.831,281.609,225.135,265.644,2011_KENTUCKY,KENTUCKY,2011
230.779,272.843,210.411,264.73,2011_LOUISIANA,LOUISIANA,2011
244.257,288.732,222.037,264.555,2011_MAINE,MAINE,2011
247.107,287.998,230.783,267.336,2011_MARYLAND,MARYLAND,2011
253.396,298.512,236.774,268.834,2011_MASSACHUSETTS,MASSACHUSETTS,2011
236.402,280.177,218.861,254.688,2011_MICHIGAN,MICHIGAN,2011
249.187,294.946,222.309,269.872,2011_MINNESOTA,MINNESOTA,2011
229.868,269.236,209.188,271.223,2011_MISSISSIPPI,MISSISSIPPI,2011
240.495,281.948,220.346,275.369,2011_MISSOURI,MISSOURI,2011
243.797,292.908,225.144,265.194,2011_MONTANA,MONTANA,2011
239.803,283.197,223.312,270.149,2011_NEBRASKA,NEBRASKA,2011
237.032,278.113,212.575,253.833,2011_NEVADA,NEVADA,2011
251.779,292.109,230.393,266.762,2011_NEW_HAMPSHIRE,NEW_HAMPSHIRE,2011
248.004,294.139,231.238,272.874,2011_NEW_JERSEY,NEW_JERSEY,2011
232.84,274.455,208.014,267.704,2011_NEW_MEXICO,NEW_MEXICO,2011
237.52,280.453,222.494,258.193,2011_NEW_YORK,NEW_YORK,2011
244.518,286.267,221.357,272.079,2011_NORTH_CAROLINA,NORTH_CAROLINA,2011
245.156,291.998,225.578,275.183,2011_NORTH_DAKOTA,NORTH_DAKOTA,2011
244.039,288.603,223.828,255.862,2011_OHIO,OHIO,2011
237.429,279.18,215.478,265.697,2011_OKLAHOMA,OKLAHOMA,2011
236.914,282.518,216.44,262.929,2011_OREGON,OREGON,2011
245.655,286.103,227.236,268.694,2011_PENNSYLVANIA,PENNSYLVANIA,2011
241.625,282.876,222.482,268.284,2011_RHODE_ISLAND,RHODE_ISLAND,2011
237.303,281,214.9,260.121,2011_SOUTH_CAROLINA,SOUTH_CAROLINA,2011
240.98,290.615,219.814,264.226,2011_SOUTH_DAKOTA,SOUTH_DAKOTA,2011
232.901,274.039,214.64,267.751,2011_TENNESSEE,TENNESSEE,2011
241.102,290.347,218.321,265.12,2011_TEXAS,TEXAS,2011
242.538,283.308,220.416,260.307,2011_UTAH,UTAH,2011
246.64,293.883,226.772,268.942,2011_VERMONT,VERMONT,2011
245.334,289.255,226.378,259.208,2011_VIRGINIA,VIRGINIA,2011
243.183,288.108,220.529,261.428,2011_WASHINGTON,WASHINGTON,2011
234.656,273.263,214.386,267.087,2011_WEST_VIRGINIA,WEST_VIRGINIA,2011
244.692,288.666,221.24,273.841,2011_WISCONSIN,WISCONSIN,2011
243.874,287.768,224.062,267.273,2011_WYOMING,WYOMING,2011
227.963,268.524,216.273,267.577,2009_ALABAMA,ALABAMA,2009
237.212,283.048,211.127,256.107,2009_ALASKA,ALASKA,2009
229.991,277.332,209.989,267.167,2009_ARIZONA,ARIZONA,2009
237.541,276,216.152,269.569,2009_ARKANSAS,ARKANSAS,2009
231.675,270.449,209.762,254.895,2009_CALIFORNIA,CALIFORNIA,2009
243.132,287.373,225.697,259.449,2009_COLORADO,COLORADO,2009
244.718,288.609,228.972,257.595,2009_CONNECTICUT,CONNECTICUT,2009
239.491,283.829,225.513,258.049,2009_DELAWARE,DELAWARE,2009
219.26,253.595,201.985,252.631,2009_DISTRICT_OF_COLUMBIA,DISTRICT_OF_COLUMBIA,2009
241.945,279.335,225.673,265.513,2009_FLORIDA,FLORIDA,2009
236.03,277.561,217.848,271.81,2009_GEORGIA,GEORGIA,2009
235.68,273.759,210.616,264.999,2009_HAWAII,HAWAII,2009
241.043,287.305,221.023,242.49,2009_IDAHO,IDAHO,2009
238.286,282.431,219.166,272.459,2009_ILLINOIS,ILLINOIS,2009
242.617,286.81,222.659,264.362,2009_INDIANA,INDIANA,2009
242.596,284.17,221.422,260.245,2009_IOWA,IOWA,2009
245.309,288.596,223.924,254.739,2009_KANSAS,KANSAS,2009
238.836,279.284,225.606,264.837,2009_KENTUCKY,KENTUCKY,2009
229.432,272.38,207.486,264.514,2009_LOUISIANA,LOUISIANA,2009
244.456,286.361,223.79,265.691,2009_MAINE,MAINE,2009
243.795,288.342,226.048,264.888,2009_MARYLAND,MARYLAND,2009
252.255,298.854,233.749,266.8,2009_MASSACHUSETTS,MASSACHUSETTS,2009
236.28,278.268,218.236,266.854,2009_MICHIGAN,MICHIGAN,2009
249.456,294.443,223.337,253.329,2009_MINNESOTA,MINNESOTA,2009
227.262,265.002,210.507,267.707,2009_MISSISSIPPI,MISSISSIPPI,2009
240.684,285.808,223.842,267.298,2009_MISSOURI,MISSOURI,2009
244.401,291.543,224.652,273.589,2009_MONTANA,MONTANA,2009
238.748,284.259,222.523,261.898,2009_NEBRASKA,NEBRASKA,2009
235.152,274.149,211.141,269.74,2009_NEVADA,NEVADA,2009
251.072,292.322,229.145,251.306,2009_NEW_HAMPSHIRE,NEW_HAMPSHIRE,2009
246.53,292.657,229.394,266.876,2009_NEW_JERSEY,NEW_JERSEY,2009
230.03,269.704,207.646,270.394,2009_NEW_MEXICO,NEW_MEXICO,2009
240.641,282.577,224.369,267.068,2009_NEW_YORK,NEW_YORK,2009
243.778,284.333,219.296,253.841,2009_NORTH_CAROLINA,NORTH_CAROLINA,2009
245.19,292.842,225.967,270.748,2009_NORTH_DAKOTA,NORTH_DAKOTA,2009
243.688,285.583,224.532,272.803,2009_OHIO,OHIO,2009
236.781,275.712,217.191,254.129,2009_OKLAHOMA,OKLAHOMA,2009
238.032,285.037,218.142,264.288,2009_OREGON,OREGON,2009
243.588,288.304,223.679,259.528,2009_PENNSYLVANIA,PENNSYLVANIA,2009
238.767,277.924,222.705,269.24,2009_RHODE_ISLAND,RHODE_ISLAND,2009
235.668,280.381,215.942,268.678,2009_SOUTH_CAROLINA,SOUTH_CAROLINA,2009
242.098,290.619,222.167,259.496,2009_SOUTH_DAKOTA,SOUTH_DAKOTA,2009
231.825,274.762,216.738,265.089,2009_TENNESSEE,TENNESSEE,2009
240.465,286.685,218.858,270.701,2009_TEXAS,TEXAS,2009
240.319,284.068,219.204,259.886,2009_UTAH,UTAH,2009
247.767,292.866,228.736,257.274,2009_VERMONT,VERMONT,2009
243.071,286.07,226.528,270.061,2009_VIRGINIA,VIRGINIA,2009
242.257,288.722,221.33,260.947,2009_WASHINGTON,WASHINGTON,2009
232.983,270.416,214.52,260.369,2009_WEST_VIRGINIA,WEST_VIRGINIA,2009
243.585,288.141,220.136,265.592,2009_WISCONSIN,WISCONSIN,2009
242.009,286.104,222.652,272.305,2009_WYOMING,WYOMING,2009
228.52,266,216.389,265.642,2007_ALABAMA,ALABAMA,2007
237.274,282.557,214.477,266.918,2007_ALASKA,ALASKA,2007
231.937,275.548,209.521,254.8,2007_ARIZONA,ARIZONA,2007
237.671,273.9,217.028,265.813,2007_ARKANSAS,ARKANSAS,2007
230.034,270.382,208.522,268.159,2007_CALIFORNIA,CALIFORNIA,2007
240.206,286.193,223.733,251.937,2007_COLORADO,COLORADO,2007
242.756,282.473,227.204,258.798,2007_CONNECTICUT,CONNECTICUT,2007
241.795,282.992,225.071,254.829,2007_DELAWARE,DELAWARE,2007
213.699,248.199,197.086,257.961,2007_DISTRICT_OF_COLUMBIA,DISTRICT_OF_COLUMBIA,2007
242.02,277.383,223.535,251.288,2007_FLORIDA,FLORIDA,2007
235.209,274.779,218.888,266.408,2007_GEORGIA,GEORGIA,2007
234.286,268.772,213.497,267.056,2007_HAWAII,HAWAII,2007
240.903,283.508,223.404,264.545,2007_IDAHO,IDAHO,2007
237.287,280.497,219.387,240.794,2007_ILLINOIS,ILLINOIS,2007
245.144,285.007,221.673,272.693,2007_INDIANA,INDIANA,2007
242.82,285.227,224.895,259.791,2007_IOWA,IOWA,2007
247.924,290.033,224.658,258.705,2007_KANSAS,KANSAS,2007
235.088,278.705,222.432,251.331,2007_KENTUCKY,KENTUCKY,2007
230.043,272.386,207.407,264.886,2007_LOUISIANA,LOUISIANA,2007
242.371,286.472,225.544,262.827,2007_MAINE,MAINE,2007
240.328,285.734,224.781,264.096,2007_MARYLAND,MARYLAND,2007
252.43,297.923,235.753,267.451,2007_MASSACHUSETTS,MASSACHUSETTS,2007
237.606,276.831,220.118,267.414,2007_MICHIGAN,MICHIGAN,2007
246.998,291.851,224.917,261.966,2007_MINNESOTA,MINNESOTA,2007
227.612,264.891,207.81,253.238,2007_MISSISSIPPI,MISSISSIPPI,2007
239.411,280.62,220.777,269.92,2007_MISSOURI,MISSOURI,2007
243.619,287.076,226.667,265.24,2007_MONTANA,MONTANA,2007
238.041,283.651,222.903,273.284,2007_NEBRASKA,NEBRASKA,2007
231.782,270.804,210.819,260.318,2007_NEVADA,NEVADA,2007
248.572,287.557,229.017,268.197,2007_NEW_HAMPSHIRE,NEW_HAMPSHIRE,2007
248.622,288.583,230.647,250.064,2007_NEW_JERSEY,NEW_JERSEY,2007
228.064,267.538,211.632,263.442,2007_NEW_MEXICO,NEW_MEXICO,2007
242.543,280.141,223.752,270.938,2007_NEW_YORK,NEW_YORK,2007
241.618,283.881,217.934,267.031,2007_NORTH_CAROLINA,NORTH_CAROLINA,2007
245.416,291.562,226.325,252.348,2007_NORTH_DAKOTA,NORTH_DAKOTA,2007
244.533,284.852,225.667,269.735,2007_OHIO,OHIO,2007
236.802,274.535,216.956,270.142,2007_OKLAHOMA,OKLAHOMA,2007
236.04,283.826,215.017,250.753,2007_OREGON,OREGON,2007
244.001,286.167,226.354,263.546,2007_PENNSYLVANIA,PENNSYLVANIA,2007
235.878,275.387,218.761,259.137,2007_RHODE_ISLAND,RHODE_ISLAND,2007
237.107,281.504,213.837,268.018,2007_SOUTH_CAROLINA,SOUTH_CAROLINA,2007
241.213,288.464,223.399,267.979,2007_SOUTH_DAKOTA,SOUTH_DAKOTA,2007
232.754,273.979,215.749,259.547,2007_TENNESSEE,TENNESSEE,2007
242.34,285.871,219.604,265.71,2007_TEXAS,TEXAS,2007
239.405,281.087,221.261,267.666,2007_UTAH,UTAH,2007
246.357,291.011,228.249,258.321,2007_VERMONT,VERMONT,2007
243.521,287.626,227.137,257.421,2007_VIRGINIA,VIRGINIA,2007
242.542,284.863,223.999,269.597,2007_WASHINGTON,WASHINGTON,2007
236.338,270.084,215.131,259.162,2007_WEST_VIRGINIA,WEST_VIRGINIA,2007
244.181,285.618,223.318,260.813,2007_WISCONSIN,WISCONSIN,2007
243.867,286.988,225.289,262.228,2007_WYOMING,WYOMING,2007
225.071,262.211,207.752,273.046,2005_ALABAMA,ALABAMA,2005
235.511,278.959,211.061,266.879,2005_ALASKA,ALASKA,2005
229.801,274.305,207.143,264.948,2005_ARIZONA,ARIZONA,2005
235.545,271.636,217.072,254.999,2005_ARKANSAS,ARKANSAS,2005
230.367,268.558,206.512,264.185,2005_CALIFORNIA,CALIFORNIA,2005
239.216,280.824,223.656,266.226,2005_COLORADO,COLORADO,2005
242.121,281.069,225.753,251.978,2005_CONNECTICUT,CONNECTICUT,2005
239.717,280.954,225.838,258.721,2005_DELAWARE,DELAWARE,2005
211.122,245.216,190.787,254.788,2005_DISTRICT_OF_COLUMBIA,DISTRICT_OF_COLUMBIA,2005
238.931,274.048,219.465,257.692,2005_FLORIDA,FLORIDA,2005
233.636,272.192,214.431,250.431,2005_GEORGIA,GEORGIA,2005
230.097,265.629,209.579,264.758,2005_HAWAII,HAWAII,2005
233.067,277.672,216.49,266.009,2005_ILLINOIS,ILLINOIS,2005
240.069,281.715,218.073,238.203,2005_INDIANA,INDIANA,2005
239.881,283.811,220.809,270.509,2005_IOWA,IOWA,2005
245.782,284.03,220.469,255.78,2005_KANSAS,KANSAS,2005
231.492,273.983,219.927,256.872,2005_KENTUCKY,KENTUCKY,2005
230.231,267.755,209.166,248.505,2005_LOUISIANA,LOUISIANA,2005
240.691,281.059,224.578,264.302,2005_MAINE,MAINE,2005
238.422,277.931,220.03,263.517,2005_MARYLAND,MARYLAND,2005
247.337,291.514,231.279,261.014,2005_MASSACHUSETTS,MASSACHUSETTS,2005
237.706,277.347,218.261,267.003,2005_MICHIGAN,MICHIGAN,2005
245.746,290.075,225.227,266.831,2005_MINNESOTA,MINNESOTA,2005
226.699,262.456,204.394,263.938,2005_MISSISSIPPI,MISSISSIPPI,2005
235.036,276.45,221.169,252.692,2005_MISSOURI,MISSOURI,2005
240.575,286.432,224.552,269.983,2005_MONTANA,MONTANA,2005
237.706,283.963,221.377,260.782,2005_NEBRASKA,NEBRASKA,2005
229.872,269.906,207.187,273.716,2005_NEVADA,NEVADA,2005
245.626,285.253,227.438,261.138,2005_NEW_HAMPSHIRE,NEW_HAMPSHIRE,2005
243.979,283.903,223.298,268.357,2005_NEW_JERSEY,NEW_JERSEY,2005
224.027,263.275,206.792,250.531,2005_NEW_MEXICO,NEW_MEXICO,2005
238.174,279.716,222.695,264.659,2005_NEW_YORK,NEW_YORK,2005
241.236,281.825,217.134,269.224,2005_NORTH_CAROLINA,NORTH_CAROLINA,2005
242.737,286.961,224.811,267.456,2005_NORTH_DAKOTA,NORTH_DAKOTA,2005
242.106,283.252,222.533,252.869,2005_OHIO,OHIO,2005
233.955,271.36,213.861,269.651,2005_OKLAHOMA,OKLAHOMA,2005
238.325,282.237,216.9,269.423,2005_OREGON,OREGON,2005
240.573,280.714,222.772,251.033,2005_PENNSYLVANIA,PENNSYLVANIA,2005
233.437,272.345,216.44,265.139,2005_RHODE_ISLAND,RHODE_ISLAND,2005
238.303,281.234,213.204,258.16,2005_SOUTH_CAROLINA,SOUTH_CAROLINA,2005
241.594,287.304,222.399,270.244,2005_SOUTH_DAKOTA,SOUTH_DAKOTA,2005
231.688,270.525,214.221,266.767,2005_TENNESSEE,TENNESSEE,2005
241.991,281.103,218.734,259.631,2005_TEXAS,TEXAS,2005
238.797,279.156,221.311,263.157,2005_UTAH,UTAH,2005
243.529,287.356,226.886,266.822,2005_VERMONT,VERMONT,2005
240.498,284.372,225.814,260.968,2005_VIRGINIA,VIRGINIA,2005
241.685,285.052,223.486,257.169,2005_WASHINGTON,WASHINGTON,2005
230.843,269.099,214.767,268.54,2005_WEST_VIRGINIA,WEST_VIRGINIA,2005
240.569,284.542,221.164,259.072,2005_WISCONSIN,WISCONSIN,2005
242.956,282.101,223.262,258.192,2005_WYOMING,WYOMING,2005
223.345,261.939,207.084,261.871,2003_ALABAMA,ALABAMA,2003
232.992,279.025,211.547,268.772,2003_ALASKA,ALASKA,2003
228.911,271.177,208.873,267.809,2003_ARIZONA,ARIZONA,2003
229.007,265.772,213.615,264.657,2003_ARKANSAS,ARKANSAS,2003
227.455,267.049,205.632,255.073,2003_CALIFORNIA,CALIFORNIA,2003
235.193,283.4,223.661,266.229,2003_COLORADO,COLORADO,2003
240.615,283.73,228.341,268.124,2003_CONNECTICUT,CONNECTICUT,2003
235.859,277.158,223.929,253.173,2003_DELAWARE,DELAWARE,2003
204.92,243.06,188.374,256.41,2003_DISTRICT_OF_COLUMBIA,DISTRICT_OF_COLUMBIA,2003
233.729,271.371,218.014,255.32,2003_FLORIDA,FLORIDA,2003
230.255,269.677,213.597,257.998,2003_GEORGIA,GEORGIA,2003
226.835,265.729,208.26,251.008,2003_HAWAII,HAWAII,2003
234.944,279.939,218.26,267.593,2003_IDAHO,IDAHO,2003
232.857,277.16,216.304,267.218,2003_ILLINOIS,ILLINOIS,2003
237.968,281.221,220.406,264.532,2003_INDIANA,INDIANA,2003
238.477,283.953,223.271,238.701,2003_IOWA,IOWA,2003
241.747,284.191,220.143,271.791,2003_KANSAS,KANSAS,2003
228.726,274.278,219.044,257.301,2003_KENTUCKY,KENTUCKY,2003
226.248,266.328,204.729,257.715,2003_LOUISIANA,LOUISIANA,2003
237.616,281.904,223.859,251.285,2003_MAINE,MAINE,2003
233.08,277.716,218.674,264.44,2003_MARYLAND,MARYLAND,2003
241.665,286.521,227.604,266.409,2003_MASSACHUSETTS,MASSACHUSETTS,2003
235.687,276.442,218.789,264.833,2003_MICHIGAN,MICHIGAN,2003
241.912,290.68,222.609,267.505,2003_MINNESOTA,MINNESOTA,2003
222.891,260.912,205.464,266.012,2003_MISSISSIPPI,MISSISSIPPI,2003
234.836,278.766,222.26,266.191,2003_MISSOURI,MISSOURI,2003
235.755,285.928,222.747,253.448,2003_MONTANA,MONTANA,2003
236.254,282.194,220.612,268.323,2003_NEBRASKA,NEBRASKA,2003
227.514,268.043,206.96,261.596,2003_NEVADA,NEVADA,2003
243.11,286.198,227.79,272.907,2003_NEW_HAMPSHIRE,NEW_HAMPSHIRE,2003
238.777,281.407,225.073,264.378,2003_NEW_JERSEY,NEW_JERSEY,2003
222.518,263.273,203.185,267.711,2003_NEW_MEXICO,NEW_MEXICO,2003
235.93,279.749,222.188,255.011,2003_NEW_YORK,NEW_YORK,2003
242.04,281.24,221.221,267.364,2003_NORTH_CAROLINA,NORTH_CAROLINA,2003
237.577,287.145,221.642,269.833,2003_NORTH_DAKOTA,NORTH_DAKOTA,2003
237.782,281.607,221.866,266.314,2003_OHIO,OHIO,2003
229.097,271.905,213.579,252.31,2003_OKLAHOMA,OKLAHOMA,2003
236.306,280.892,217.615,270.734,2003_OREGON,OREGON,2003
235.947,278.538,218.698,267.787,2003_PENNSYLVANIA,PENNSYLVANIA,2003
230.298,271.999,216.494,251.599,2003_RHODE_ISLAND,RHODE_ISLAND,2003
235.793,277.3,214.808,265.33,2003_SOUTH_CAROLINA,SOUTH_CAROLINA,2003
237.265,284.882,222.273,261.712,2003_SOUTH_DAKOTA,SOUTH_DAKOTA,2003
227.755,268.176,211.948,269.73,2003_TENNESSEE,TENNESSEE,2003
237.306,277.053,214.808,266.566,2003_TEXAS,TEXAS,2003
234.783,280.645,219.27,261.72,2003_UTAH,UTAH,2003
241.926,285.646,226.122,264.026,2003_VERMONT,VERMONT,2003
239.203,281.677,223.34,264.267,2003_VIRGINIA,VIRGINIA,2003
238.293,281.151,221.097,260.88,2003_WASHINGTON,WASHINGTON,2003
230.768,270.77,219.18,258.089,2003_WEST_VIRGINIA,WEST_VIRGINIA,2003
236.755,283.916,220.833,269.971,2003_WISCONSIN,WISCONSIN,2003
241.086,283.503,222.075,258.108,2003_WYOMING,WYOMING,2003
217.941,262.158,206.88,258.777,2000_ALABAMA,ALABAMA,2000
,,,264.303,2000_ALASKA,ALASKA,2000
218.767,270.715,205.347,270.519,2000_ARIZONA,ARIZONA,2000
217.063,261.364,212.882,268.005,2000_ARKANSAS,ARKANSAS,2000
213.565,262.171,205.917,264.494,2000_CALIFORNIA,CALIFORNIA,2000
,,,259.564,2000_COLORADO,COLORADO,2000
234.243,281.902,229.381,266.469,2000_CONNECTICUT,CONNECTICUT,2000
,,224.304,267.001,2000_DELAWARE,DELAWARE,2000
193.29,234.429,190.518,252.502,2000_DISTRICT_OF_COLUMBIA,DISTRICT_OF_COLUMBIA,2000
,,214.405,,2000_FLORIDA,FLORIDA,2000
219.557,266.332,214.818,256.735,2000_GEORGIA,GEORGIA,2000
215.847,262.773,207.585,260.135,2000_HAWAII,HAWAII,2000
226.894,277.918,220.218,250.451,2000_IDAHO,IDAHO,2000
224.93,276.909,,,2000_ILLINOIS,ILLINOIS,2000
234.421,283.051,221.88,267.032,2000_INDIANA,INDIANA,2000
232.897,,223.331,267.274,2000_IOWA,IOWA,2000
231.953,283.68,221.978,239.811,2000_KANSAS,KANSAS,2000
220.994,271.562,219.042,272.914,2000_KENTUCKY,KENTUCKY,2000
,,,,1992_NEVADA,NEVADA,1992
217.964,258.982,206.64,261.054,2000_LOUISIANA,LOUISIANA,2000
230.569,283.642,224.508,258.005,2000_MAINE,MAINE,2000
222.31,276.014,217.211,251.613,2000_MARYLAND,MARYLAND,2000
234.96,283.123,233.748,266.5,2000_MASSACHUSETTS,MASSACHUSETTS,2000
230.887,278.453,218.613,,2000_MICHIGAN,MICHIGAN,2000
235.271,287.652,225.259,264.888,2000_MINNESOTA,MINNESOTA,2000
210.97,254.034,202.793,,2000_MISSISSIPPI,MISSISSIPPI,2000
228.553,273.576,220.172,269.116,2000_MISSOURI,MISSOURI,2000
229.812,286.585,224.163,265.247,2000_MONTANA,MONTANA,2000
225.945,280.618,221.565,256.268,2000_NEBRASKA,NEBRASKA,2000
220.275,268.182,209.129,269.821,2000_NEVADA,NEVADA,2000
,,,263.345,2000_NEW_HAMPSHIRE,NEW_HAMPSHIRE,2000
,,,270.518,2000_NEW_JERSEY,NEW_JERSEY,2000
213.868,259.845,207.501,264.723,2000_NEW_MEXICO,NEW_MEXICO,2000
226.559,276.263,222.445,,2000_NEW_YORK,NEW_YORK,2000
232.463,280.128,221.634,255.021,2000_NORTH_CAROLINA,NORTH_CAROLINA,2000
230.893,283.074,223.592,267.909,2000_NORTH_DAKOTA,NORTH_DAKOTA,2000
230.574,282.673,222.436,270.165,2000_OHIO,OHIO,2000
225.042,271.646,213.328,269.949,2000_OKLAHOMA,OKLAHOMA,2000
226.629,280.64,219.937,251.363,2000_OREGON,OREGON,2000
,,220.636,,2000_PENNSYLVANIA,PENNSYLVANIA,2000
224.634,273.426,219.624,,2000_RHODE_ISLAND,RHODE_ISLAND,2000
220.417,266.354,213.859,253.663,2000_SOUTH_CAROLINA,SOUTH_CAROLINA,2000
,,,263.949,2000_SOUTH_DAKOTA,SOUTH_DAKOTA,2000
219.836,263.437,213.694,265.023,2000_TENNESSEE,TENNESSEE,2000
232.666,274.846,216.932,268.09,2000_TEXAS,TEXAS,2000
227.293,275.437,221.514,268.316,2000_UTAH,UTAH,2000
231.698,283.408,226.961,262.012,2000_VERMONT,VERMONT,2000
230.395,276.675,225.009,268.145,2000_VIRGINIA,VIRGINIA,2000
,,223.656,265.321,2000_WASHINGTON,WASHINGTON,2000
224.848,270.78,218.778,261.903,2000_WEST_VIRGINIA,WEST_VIRGINIA,2000
,,,257.641,2000_WISCONSIN,WISCONSIN,2000
229.252,276.69,221.13,,2000_WYOMING,WYOMING,2000
211.647,256.595,210.921,260.276,1996_ALABAMA,ALABAMA,1996
223.833,277.643,,262.1,1996_ALASKA,ALASKA,1996
217.576,267.875,206.53,263.284,1996_ARIZONA,ARIZONA,1996
215.846,261.653,208.838,271.835,1996_ARKANSAS,ARKANSAS,1996
209.129,262.772,201.913,269.197,1996_CALIFORNIA,CALIFORNIA,1996
225.806,275.608,221.653,268.168,1996_COLORADO,COLORADO,1996
232.027,279.591,231.598,263.69,1996_CONNECTICUT,CONNECTICUT,1996
215.025,266.734,212.003,,1996_DELAWARE,DELAWARE,1996
187.135,232.832,181.627,264.938,1996_DISTRICT_OF_COLUMBIA,DISTRICT_OF_COLUMBIA,1996
215.764,263.639,207.298,255.227,1996_FLORIDA,FLORIDA,1996
215.456,262.466,209.819,,1996_GEORGIA,GEORGIA,1996
214.966,262.13,199.702,260.8,1996_HAWAII,HAWAII,1996
,,,255.727,1996_IDAHO,IDAHO,1996
,,,253.213,1996_ILLINOIS,ILLINOIS,1996
229.394,275.529,,263.542,1996_INDIANA,INDIANA,1996
229.126,283.986,223.045,271.567,1996_IOWA,IOWA,1996
,,222.185,255.882,1996_KANSAS,KANSAS,1996
219.988,266.592,217.531,236.379,1996_KENTUCKY,KENTUCKY,1996
209.021,252.38,204.227,269.165,1996_LOUISIANA,LOUISIANA,1996
232.207,284.06,225.404,253.335,1996_MAINE,MAINE,1996
220.695,269.681,214.93,257.073,1996_MARYLAND,MARYLAND,1996
228.966,277.566,225.31,249.69,1996_MASSACHUSETTS,MASSACHUSETTS,1996
226.258,276.866,216.501,,1996_MICHIGAN,MICHIGAN,1996
232.193,284.049,221.83,,1996_MINNESOTA,MINNESOTA,1996
208.434,250.215,204.302,,1996_MISSISSIPPI,MISSISSIPPI,1996
224.734,273.285,216.183,,1996_MISSOURI,MISSOURI,1996
227.516,283.004,226.149,267.788,1996_MONTANA,MONTANA,1996
227.544,282.77,,262.062,1996_NEBRASKA,NEBRASKA,1996
217.623,,207.598,251.892,1996_NEVADA,NEVADA,1996
,,225.716,272.647,1996_NEW_HAMPSHIRE,NEW_HAMPSHIRE,1996
227.24,,,262.103,1996_NEW_JERSEY,NEW_JERSEY,1996
213.844,261.97,205.949,268.872,1996_NEW_MEXICO,NEW_MEXICO,1996
222.634,270.231,215.779,,1996_NEW_YORK,NEW_YORK,1996
224.325,267.835,216.837,267.218,1996_NORTH_CAROLINA,NORTH_CAROLINA,1996
230.904,284.222,,250.578,1996_NORTH_DAKOTA,NORTH_DAKOTA,1996
,,,262.904,1996_OHIO,OHIO,1996
,,219.512,270.213,1996_OKLAHOMA,OKLAHOMA,1996
223.476,276.342,214.442,,1996_OREGON,OREGON,1996
226.212,,,256.838,1996_PENNSYLVANIA,PENNSYLVANIA,1996
220.418,268.877,218.028,,1996_RHODE_ISLAND,RHODE_ISLAND,1996
213.194,260.775,210.449,,1996_SOUTH_CAROLINA,SOUTH_CAROLINA,1996
,,,257.532,1996_SOUTH_DAKOTA,SOUTH_DAKOTA,1996
219.176,263.119,212.404,266.312,1996_TENNESSEE,TENNESSEE,1996
228.713,270.2,216.862,263.592,1996_TEXAS,TEXAS,1996
226.516,276.773,215.409,,1996_UTAH,UTAH,1996
224.881,279.253,,,1996_VERMONT,VERMONT,1996
222.643,269.754,218.353,265.364,1996_VIRGINIA,VIRGINIA,1996
225.053,276.117,216.847,265.807,1996_WASHINGTON,WASHINGTON,1996
223.35,264.865,216.443,,1996_WEST_VIRGINIA,WEST_VIRGINIA,1996
231.412,282.849,224.347,262.325,1996_WISCONSIN,WISCONSIN,1996
223.196,274.779,219.011,254.524,1996_WYOMING,WYOMING,1996
208.328,252.188,207.964,,1992_ALABAMA,ALABAMA,1992
,,,258.86,1992_ALASKA,ALASKA,1992
215.254,265.366,206.213,262.17,1992_ARIZONA,ARIZONA,1992
210.206,256.312,208.634,264.62,1992_ARKANSAS,ARKANSAS,1992
208.399,260.892,196.764,,1992_CALIFORNIA,CALIFORNIA,1992
221.023,272.398,213.481,266.42,1992_COLORADO,COLORADO,1992
226.798,273.739,222.418,264.714,1992_CONNECTICUT,CONNECTICUT,1992
217.9,262.869,206.389,261.578,1992_DELAWARE,DELAWARE,1992
192.601,234.925,178.558,265.977,1992_DISTRICT_OF_COLUMBIA,DISTRICT_OF_COLUMBIA,1992
213.69,259.909,204.883,262.119,1992_FLORIDA,FLORIDA,1992
215.595,259.359,206.844,,1992_GEORGIA,GEORGIA,1992
214.057,257.411,200.88,,1992_HAWAII,HAWAII,1992
221.563,275.09,,,1992_IDAHO,IDAHO,1992
,,,,1992_ILLINOIS,ILLINOIS,1992
221.038,270.099,219.763,,1992_INDIANA,INDIANA,1992
229.884,283.36,222.853,,1992_IOWA,IOWA,1992
,,,,1992_KANSAS,KANSAS,1992
215.048,262.241,211.562,,1992_KENTUCKY,KENTUCKY,1992
204.14,249.984,196.762,,1992_LOUISIANA,LOUISIANA,1992
231.639,278.635,228.38,,1992_MAINE,MAINE,1992
217.318,264.826,209.645,,1992_MARYLAND,MARYLAND,1992
226.598,272.783,223.16,,1992_MASSACHUSETTS,MASSACHUSETTS,1992
219.878,267.353,,,1992_MICHIGAN,MICHIGAN,1992
228.494,282.392,218.302,,1992_MINNESOTA,MINNESOTA,1992
201.828,246.458,201.529,,1992_MISSISSIPPI,MISSISSIPPI,1992
222.216,271.132,216.898,,1992_MISSOURI,MISSOURI,1992
,,222.301,,1992_MONTANA,MONTANA,1992
225.333,277.655,220.035,,1992_NEBRASKA,NEBRASKA,1992
229.665,278.216,223.466,,1992_NEW_HAMPSHIRE,NEW_HAMPSHIRE,1992
227.148,271.906,219.39,,1992_NEW_JERSEY,NEW_JERSEY,1992
213.299,259.607,204.536,,1992_NEW_MEXICO,NEW_MEXICO,1992
218.446,266.422,211.741,,1992_NEW_YORK,NEW_YORK,1992
212.884,258.405,214.358,,1992_NORTH_CAROLINA,NORTH_CAROLINA,1992
228.663,283.213,225.239,,1992_NORTH_DAKOTA,NORTH_DAKOTA,1992
218.712,268.124,,,1992_OHIO,OHIO,1992
220.32,268.132,,,1992_OKLAHOMA,OKLAHOMA,1992
,,,,1992_OREGON,OREGON,1992
224.306,271.378,215.268,,1992_PENNSYLVANIA,PENNSYLVANIA,1992
215.449,265.907,219.94,,1992_RHODE_ISLAND,RHODE_ISLAND,1992
212.497,260.773,203.416,,1992_SOUTH_CAROLINA,SOUTH_CAROLINA,1992
,,,,1992_SOUTH_DAKOTA,SOUTH_DAKOTA,1992
210.948,258.828,212.531,,1992_TENNESSEE,TENNESSEE,1992
217.919,264.593,212.394,,1992_TEXAS,TEXAS,1992
224.042,274.343,217.33,,1992_UTAH,UTAH,1992
,,,,1992_VERMONT,VERMONT,1992
220.763,267.864,213.457,,1992_VIRGINIA,VIRGINIA,1992
,,212.695,,1992_WASHINGTON,WASHINGTON,1992
215.269,259.086,213.147,,1992_WEST_VIRGINIA,WEST_VIRGINIA,1992
228.692,277.879,224.175,,1992_WISCONSIN,WISCONSIN,1992
225.378,275.08,221.186,,1992_WYOMING,WYOMING,1992
